{
  "project_info": {
    "project_number": "867381754753",
    "firebase_url": "https://collegechat-11adb-default-rtdb.firebaseio.com",
    "project_id": "collegechat-11adb",
    "storage_bucket": "collegechat-11adb.appspot.com"
  },
  "client": [
    {
      "client_info": {
        "mobilesdk_app_id": "1:867381754753:android:c96b303398e27d20cfc680",
        "android_client_info": {
          "package_name": "com.example.chat_application"
        }
      },
      "oauth_client": [
        {
          "client_id": "867381754753-4a3dn13csurkkcoc4rjmqr9qjruqrvi5.apps.googleusercontent.com",
          "client_type": 3
        }
      ],
      "api_key": [
        {
          "current_key": "AIzaSyDQ5j-S9vGs9zpmtA3RhkFZQucZgeEZyCY"
        }
      ],
      "services": {
        "appinvite_service": {
          "other_platform_oauth_client": [
            {
              "client_id": "867381754753-4a3dn13csurkkcoc4rjmqr9qjruqrvi5.apps.googleusercontent.com",
              "client_type": 3
            }
          ]
        }
      }
    }
  ],
  "configuration_version": "1"
}